/*
SQLyog Ultimate v12.08 (64 bit)
MySQL - 8.0.15 : Database - jtsys
*********************************************************************
*/

/*!40101 SET NAMES utf8 */;

/*!40101 SET SQL_MODE=''*/;

/*!40014 SET @OLD_UNIQUE_CHECKS=@@UNIQUE_CHECKS, UNIQUE_CHECKS=0 */;
/*!40014 SET @OLD_FOREIGN_KEY_CHECKS=@@FOREIGN_KEY_CHECKS, FOREIGN_KEY_CHECKS=0 */;
/*!40101 SET @OLD_SQL_MODE=@@SQL_MODE, SQL_MODE='NO_AUTO_VALUE_ON_ZERO' */;
/*!40111 SET @OLD_SQL_NOTES=@@SQL_NOTES, SQL_NOTES=0 */;
CREATE DATABASE /*!32312 IF NOT EXISTS*/`jtsys` /*!40100 DEFAULT CHARACTER SET utf8 */;

USE `jtsys`;

/*Table structure for table `sys_configs` */

DROP TABLE IF EXISTS `sys_configs`;

CREATE TABLE `sys_configs` (
  `id` int(11) NOT NULL AUTO_INCREMENT,
  `name` varchar(50) DEFAULT NULL COMMENT '参数名',
  `value` varchar(50) DEFAULT NULL COMMENT '参数值',
  `note` varchar(100) DEFAULT NULL COMMENT '备注',
  `createdTime` datetime DEFAULT NULL COMMENT '创建时间',
  `modifiedTime` datetime DEFAULT NULL COMMENT '修改时间',
  `createdUser` varchar(20) DEFAULT NULL COMMENT '创建用户',
  `modifiedUser` varchar(20) DEFAULT NULL COMMENT '修改用户',
  PRIMARY KEY (`id`)
) ENGINE=InnoDB AUTO_INCREMENT=6 DEFAULT CHARSET=utf8 COMMENT='配置管理';

/*Data for the table `sys_configs` */

insert  into `sys_configs`(`id`,`name`,`value`,`note`,`createdTime`,`modifiedTime`,`createdUser`,`modifiedUser`) values (4,'uploadPath','/upload/images','上传路径','2018-04-22 17:39:55','2018-04-22 17:39:55',NULL,NULL),(5,'downloadPath','/downloads/','文件下载路径','2018-04-22 17:40:41','2018-04-22 17:40:41',NULL,NULL);

/*Table structure for table `sys_depts` */

DROP TABLE IF EXISTS `sys_depts`;

CREATE TABLE `sys_depts` (
  `id` int(11) NOT NULL AUTO_INCREMENT,
  `name` varchar(50) DEFAULT NULL COMMENT '资源名称',
  `parentId` int(11) DEFAULT NULL COMMENT '上级部门',
  `sort` int(11) DEFAULT NULL COMMENT '排序',
  `note` varchar(100) DEFAULT NULL COMMENT '备注',
  `createdTime` datetime DEFAULT NULL COMMENT '创建时间',
  `modifiedTime` datetime DEFAULT NULL COMMENT '修改时间',
  `createdUser` varchar(20) DEFAULT NULL COMMENT '创建用户',
  `modifiedUser` varchar(20) DEFAULT NULL COMMENT '修改用户',
  PRIMARY KEY (`id`)
) ENGINE=InnoDB AUTO_INCREMENT=30 DEFAULT CHARSET=utf8 COMMENT='部门管理';

/*Data for the table `sys_depts` */

insert  into `sys_depts`(`id`,`name`,`parentId`,`sort`,`note`,`createdTime`,`modifiedTime`,`createdUser`,`modifiedUser`) values (6,'法律部门',NULL,231,'处理法律问题','2019-07-12 22:58:03','2019-07-12 22:58:03',NULL,NULL),(7,'恶趣味',6,78,'','2019-08-25 17:44:46','2019-08-25 17:44:46',NULL,NULL),(8,'客服部门',NULL,1,'','2019-08-25 21:00:51','2019-08-25 21:00:51',NULL,NULL),(9,'策划部',NULL,2,'','2019-08-25 21:01:01','2019-08-25 21:01:01',NULL,NULL),(10,'技术部门',NULL,NULL,'3','2019-08-25 21:01:16','2019-08-25 21:01:16',NULL,NULL),(11,'人力资源部',NULL,4,'','2019-08-25 21:01:40','2019-08-25 21:01:40',NULL,NULL),(12,'行政部',NULL,5,'','2019-08-25 21:01:53','2019-08-25 21:01:53',NULL,NULL),(13,'商务部',NULL,6,'','2019-08-25 21:02:10','2019-08-25 21:02:10',NULL,NULL),(15,'网页设计',10,1,'','2019-08-25 21:02:44','2019-08-25 21:03:07',NULL,NULL),(16,'网站编辑',10,2,'','2019-08-25 21:02:59','2019-08-25 21:02:59',NULL,NULL),(17,'后端开发',10,3,'','2019-08-25 21:03:21','2019-08-25 21:03:21',NULL,NULL),(18,'招聘',11,1,'','2019-08-25 21:03:56','2019-08-25 21:03:56',NULL,NULL),(19,'绩效',11,2,'','2019-08-25 21:04:06','2019-08-25 21:04:06',NULL,NULL),(20,'培训',11,3,'','2019-08-25 21:04:16','2019-08-25 21:04:16',NULL,NULL),(21,'员工关系',11,3,'','2019-08-25 21:04:31','2019-08-25 21:04:31',NULL,NULL),(22,'活动策划',9,1,'','2019-08-25 21:04:45','2019-08-25 21:04:45',NULL,NULL),(23,'市场领导',9,2,'','2019-08-25 21:04:57','2019-08-25 21:04:57',NULL,NULL),(24,'在线专员',8,1,'','2019-08-25 21:05:14','2019-08-25 21:05:14',NULL,NULL),(25,'客服专员',8,2,'','2019-08-25 21:05:33','2019-08-25 21:05:33',NULL,NULL),(26,'商务顾问',13,NULL,'','2019-08-25 21:05:44','2019-08-25 21:05:44',NULL,NULL),(27,'采购',12,NULL,'','2019-08-25 21:05:56','2019-08-25 21:05:56',NULL,NULL),(28,'产品',NULL,11,'','2019-08-25 21:06:19','2019-08-25 21:06:19',NULL,NULL),(29,'游客',NULL,111,'','2019-08-25 21:06:52','2019-08-25 21:06:52',NULL,NULL);

/*Table structure for table `sys_dicts` */

DROP TABLE IF EXISTS `sys_dicts`;

CREATE TABLE `sys_dicts` (
  `id` int(11) NOT NULL AUTO_INCREMENT,
  `name` varchar(50) DEFAULT NULL COMMENT '名字',
  `type` varchar(20) DEFAULT NULL COMMENT '类型',
  `code` varchar(20) DEFAULT NULL COMMENT '字典码',
  `value` varchar(100) DEFAULT NULL COMMENT '字典值',
  `sort` int(11) DEFAULT NULL COMMENT '排序',
  `valid` tinyint(4) DEFAULT '1' COMMENT '有效',
  `createdTime` datetime DEFAULT NULL COMMENT '创建时间',
  `modifiedTime` datetime DEFAULT NULL COMMENT '修改时间',
  `createdUser` varchar(20) DEFAULT NULL COMMENT '创建用户',
  `modifiedUser` varchar(20) DEFAULT NULL COMMENT '修改用户',
  PRIMARY KEY (`id`)
) ENGINE=InnoDB DEFAULT CHARSET=utf8 COMMENT='字典管理';

/*Data for the table `sys_dicts` */

/*Table structure for table `sys_login_log` */

DROP TABLE IF EXISTS `sys_login_log`;

CREATE TABLE `sys_login_log` (
  `ID` bigint(11) NOT NULL AUTO_INCREMENT COMMENT 'id',
  `USERNAME` varchar(50) CHARACTER SET utf8 COLLATE utf8_general_ci NOT NULL COMMENT '用户名',
  `LOGIN_TIME` datetime NOT NULL COMMENT '登录时间',
  `LOCATION` varchar(50) CHARACTER SET utf8 COLLATE utf8_general_ci DEFAULT NULL COMMENT '登录地点',
  `IP` varchar(50) CHARACTER SET utf8 COLLATE utf8_general_ci DEFAULT NULL COMMENT 'IP地址',
  `SYSTEM` varchar(50) CHARACTER SET utf8 COLLATE utf8_general_ci DEFAULT NULL COMMENT '操作系统',
  `BROWSER` varchar(50) CHARACTER SET utf8 COLLATE utf8_general_ci DEFAULT NULL COMMENT '浏览器',
  PRIMARY KEY (`ID`) USING BTREE
) ENGINE=InnoDB AUTO_INCREMENT=106 DEFAULT CHARSET=utf8 ROW_FORMAT=DYNAMIC COMMENT='登录日志表';

/*Data for the table `sys_login_log` */

insert  into `sys_login_log`(`ID`,`USERNAME`,`LOGIN_TIME`,`LOCATION`,`IP`,`SYSTEM`,`BROWSER`) values (89,'admin','2019-08-25 13:54:18','内网IP|0|0|内网IP|内网IP','0:0:0:0:0:0:0:1','WINDOWS_10','CHROME'),(90,'admin','2019-08-25 16:30:08','内网IP|0|0|内网IP|内网IP','0:0:0:0:0:0:0:1','WINDOWS_10','CHROME'),(91,'admin','2019-08-25 17:07:26','内网IP|0|0|内网IP|内网IP','0:0:0:0:0:0:0:1','WINDOWS_10','CHROME'),(92,'admin','2019-08-25 17:43:46','内网IP|0|0|内网IP|内网IP','0:0:0:0:0:0:0:1','WINDOWS_10','CHROME'),(93,'admin','2019-08-25 19:09:24','内网IP|0|0|内网IP|内网IP','0:0:0:0:0:0:0:1','WINDOWS_10','CHROME'),(94,'admin','2019-08-25 19:25:05','内网IP|0|0|内网IP|内网IP','0:0:0:0:0:0:0:1','WINDOWS_10','CHROME'),(95,'admin','2019-08-25 19:26:26','内网IP|0|0|内网IP|内网IP','0:0:0:0:0:0:0:1','WINDOWS_10','CHROME'),(96,'admin','2019-08-25 19:51:54','内网IP|0|0|内网IP|内网IP','0:0:0:0:0:0:0:1','WINDOWS_10','CHROME'),(97,'qiujunlin','2019-08-25 20:08:58','内网IP|0|0|内网IP|内网IP','0:0:0:0:0:0:0:1','WINDOWS_10','CHROME'),(98,'qiujunlin','2019-08-25 20:46:44','内网IP|0|0|内网IP|内网IP','0:0:0:0:0:0:0:1','WINDOWS_10','CHROME'),(99,'admin','2019-08-25 21:21:24','内网IP|0|0|内网IP|内网IP','0:0:0:0:0:0:0:1','WINDOWS_10','CHROME'),(100,'admin','2019-08-25 21:49:48','内网IP|0|0|内网IP|内网IP','0:0:0:0:0:0:0:1','WINDOWS_10','CHROME'),(101,'admin','2019-08-25 21:56:13','内网IP|0|0|内网IP|内网IP','0:0:0:0:0:0:0:1','WINDOWS_10','CHROME'),(102,'admin','2019-08-25 21:58:10','内网IP|0|0|内网IP|内网IP','0:0:0:0:0:0:0:1','WINDOWS_10','CHROME'),(103,'admin','2019-08-25 22:00:06','内网IP|0|0|内网IP|内网IP','0:0:0:0:0:0:0:1','WINDOWS_10','CHROME'),(104,'admin','2019-08-25 22:01:11','内网IP|0|0|内网IP|内网IP','0:0:0:0:0:0:0:1','WINDOWS_10','CHROME'),(105,'admin','2019-08-25 22:47:27','内网IP|0|0|内网IP|内网IP','0:0:0:0:0:0:0:1','WINDOWS_10','CHROME');

/*Table structure for table `sys_logs` */

DROP TABLE IF EXISTS `sys_logs`;

CREATE TABLE `sys_logs` (
  `id` bigint(20) NOT NULL AUTO_INCREMENT,
  `username` varchar(50) DEFAULT NULL COMMENT '用户名',
  `operation` varchar(50) DEFAULT NULL COMMENT '用户操作',
  `method` varchar(200) DEFAULT NULL COMMENT '请求方法',
  `params` varchar(5000) DEFAULT NULL COMMENT '请求参数',
  `time` bigint(20) NOT NULL COMMENT '执行时长(毫秒)',
  `ip` varchar(64) DEFAULT NULL COMMENT 'IP地址',
  `createdTime` datetime DEFAULT NULL COMMENT '创建时间',
  PRIMARY KEY (`id`)
) ENGINE=InnoDB AUTO_INCREMENT=316 DEFAULT CHARSET=utf8 COMMENT='系统日志';

/*Data for the table `sys_logs` */

insert  into `sys_logs`(`id`,`username`,`operation`,`method`,`params`,`time`,`ip`,`createdTime`) values (9,'admin','登陆操作','com.jt.sys.service.impl.SysUserServiceImpl.login()','\"admin\"',3,'0:0:0:0:0:0:0:1','2018-04-17 19:53:38'),(10,'admin','登陆操作','com.jt.sys.service.impl.SysUserServiceImpl.login()','\"admin\"',2,'0:0:0:0:0:0:0:1','2018-04-17 19:54:05'),(11,'admin','登陆操作','com.jt.sys.service.impl.SysUserServiceImpl.login()','\"admin\"',1,'0:0:0:0:0:0:0:1','2018-04-17 19:54:36'),(12,'admin','登陆操作','com.jt.sys.service.impl.SysUserServiceImpl.login()','\"admin\"',155,'0:0:0:0:0:0:0:1','2018-04-18 15:14:44'),(13,'admin','登陆操作','com.jt.sys.service.impl.SysUserServiceImpl.login()','\"admin\"',165,'0:0:0:0:0:0:0:1','2018-04-19 18:52:35'),(14,'admin','登陆操作','com.jt.sys.service.impl.SysUserServiceImpl.login()','\"admin\"',75,'0:0:0:0:0:0:0:1','2018-04-19 19:10:36'),(15,'admin','登陆操作','com.jt.sys.service.impl.SysUserServiceImpl.login()','\"admin\"',69,'0:0:0:0:0:0:0:1','2018-04-19 19:12:46'),(16,'admin','登陆操作','com.jt.sys.service.impl.SysUserServiceImpl.login()','\"admin\"',187,'0:0:0:0:0:0:0:1','2018-04-19 23:27:14'),(17,'admin','登陆操作','com.jt.sys.service.impl.SysUserServiceImpl.login()','\"admin\"',103,'0:0:0:0:0:0:0:1','2018-04-20 13:11:37'),(18,'admin','登陆操作','com.jt.sys.service.impl.SysUserServiceImpl.login()','\"admin\"',85,'0:0:0:0:0:0:0:1','2018-04-20 13:55:04'),(19,'admin','登陆操作','com.jt.sys.service.impl.SysUserServiceImpl.login()','\"admin\"',89,'0:0:0:0:0:0:0:1','2018-04-20 13:57:12'),(20,'admin','登陆操作','com.jt.sys.service.impl.SysUserServiceImpl.login()','\"admin\"',69,'0:0:0:0:0:0:0:1','2018-04-20 13:58:32'),(21,'admin','登陆操作','com.jt.sys.service.impl.SysUserServiceImpl.login()','\"admin\"',291,'0:0:0:0:0:0:0:1','2018-04-20 15:22:55'),(22,'admin','登陆操作','com.jt.sys.service.impl.SysUserServiceImpl.login()','\"admin\"',158,'0:0:0:0:0:0:0:1','2018-04-22 16:20:56'),(23,'admin','登陆操作','com.jt.sys.service.impl.SysUserServiceImpl.login()','\"admin\"',94,'0:0:0:0:0:0:0:1','2018-04-22 17:05:34'),(24,'admin','登陆操作','com.jt.sys.service.impl.SysUserServiceImpl.login()','\"admin\"',138,'0:0:0:0:0:0:0:1','2018-04-22 17:20:32'),(25,'admin','登陆操作','com.jt.sys.service.impl.SysUserServiceImpl.login()','\"admin\"',124,'0:0:0:0:0:0:0:1','2018-04-22 17:24:12'),(26,'admin','登陆操作','com.jt.sys.service.impl.SysUserServiceImpl.login()','\"admin\"',75,'0:0:0:0:0:0:0:1','2018-04-22 17:31:51'),(27,'admin','登陆操作','com.jt.sys.service.impl.SysUserServiceImpl.login()','\"admin\"',148,'0:0:0:0:0:0:0:1','2018-04-22 17:33:25'),(28,'admin','登陆操作','com.jt.sys.service.impl.SysUserServiceImpl.login()','\"admin\"',69,'0:0:0:0:0:0:0:1','2018-04-22 17:39:26'),(29,'admin','登陆操作','com.jt.sys.service.impl.SysUserServiceImpl.login()','\"admin\"',120,'0:0:0:0:0:0:0:1','2018-04-22 19:10:28'),(30,'admin','登陆操作','com.jt.sys.service.impl.SysUserServiceImpl.login()','\"admin\"',104,'0:0:0:0:0:0:0:1','2018-04-22 19:23:56'),(31,'admin','登陆操作','com.jt.sys.service.impl.SysUserServiceImpl.login()','\"admin\"',79,'0:0:0:0:0:0:0:1','2018-04-22 19:42:40'),(32,'admin','登陆操作','com.jt.sys.service.impl.SysUserServiceImpl.login()','\"admin\"',71,'0:0:0:0:0:0:0:1','2018-04-22 19:58:49'),(33,'admin','登陆操作','com.jt.sys.service.impl.SysUserServiceImpl.login()','\"admin\"',201,'0:0:0:0:0:0:0:1','2018-04-22 20:02:01'),(34,'admin','登陆操作','com.jt.sys.service.impl.SysUserServiceImpl.login()','\"admin\"',119,'0:0:0:0:0:0:0:1','2018-04-22 20:26:31'),(35,'admin','登陆操作','com.jt.sys.service.impl.SysUserServiceImpl.login()','\"admin\"',131,'0:0:0:0:0:0:0:1','2018-04-22 20:58:21'),(36,'admin','登陆操作','com.jt.sys.service.impl.SysUserServiceImpl.login()','\"admin\"',9,'192.168.43.1','2018-04-22 21:32:25'),(37,'admin','登陆操作','com.jt.sys.service.impl.SysUserServiceImpl.login()','\"admin\"',6,'192.168.43.183','2018-04-22 21:34:40'),(38,'admin','登陆操作','com.jt.sys.service.impl.SysUserServiceImpl.login()','\"admin\"',4,'192.168.43.211','2018-04-22 22:10:04'),(39,'admin','查询菜单','com.cy.pj.sys.service.impl.SysDeptServiceImpl.findObjects','[]',240,'0:0:0:0:0:0:0:1','2019-08-23 13:47:02'),(40,'admin','查看菜单','com.cy.pj.sys.service.impl.SysMenuServiceImpl.findObjects','[]',118,'0:0:0:0:0:0:0:1','2019-08-23 13:47:03'),(41,'admin','查看菜单','com.cy.pj.sys.service.impl.SysMenuServiceImpl.findObjects','[]',16,'0:0:0:0:0:0:0:1','2019-08-23 13:47:08'),(42,'admin','查看菜单','com.cy.pj.sys.service.impl.SysMenuServiceImpl.findObjects','[]',5,'0:0:0:0:0:0:0:1','2019-08-23 14:11:09'),(43,'admin','查询菜单','com.cy.pj.sys.service.impl.SysDeptServiceImpl.findObjects','[]',3,'0:0:0:0:0:0:0:1','2019-08-23 14:11:17'),(44,'admin','查询菜单','com.cy.pj.sys.service.impl.SysDeptServiceImpl.findObjects','[]',4,'0:0:0:0:0:0:0:1','2019-08-23 14:16:04'),(45,'admin','查看菜单','com.cy.pj.sys.service.impl.SysMenuServiceImpl.findObjects','[]',6,'0:0:0:0:0:0:0:1','2019-08-23 14:16:05'),(46,'admin','查看菜单','com.cy.pj.sys.service.impl.SysMenuServiceImpl.findObjects','[]',3,'0:0:0:0:0:0:0:1','2019-08-23 14:16:08'),(47,'admin','查询菜单','com.cy.pj.sys.service.impl.SysDeptServiceImpl.findObjects','[]',2,'0:0:0:0:0:0:0:1','2019-08-23 14:16:26'),(48,'admin','查询菜单','com.cy.pj.sys.service.impl.SysDeptServiceImpl.findObjects','[]',2,'0:0:0:0:0:0:0:1','2019-08-23 14:16:36'),(49,'admin','查看菜单','com.cy.pj.sys.service.impl.SysMenuServiceImpl.findObjects','[]',3,'0:0:0:0:0:0:0:1','2019-08-23 14:16:36'),(50,'admin','查看菜单','com.cy.pj.sys.service.impl.SysMenuServiceImpl.findObjects','[]',3,'0:0:0:0:0:0:0:1','2019-08-23 14:40:38'),(51,'admin','查询菜单','com.cy.pj.sys.service.impl.SysDeptServiceImpl.findObjects','[]',3,'0:0:0:0:0:0:0:1','2019-08-23 14:41:05'),(52,'admin','查询菜单','com.cy.pj.sys.service.impl.SysDeptServiceImpl.findObjects','[]',5,'0:0:0:0:0:0:0:1','2019-08-23 15:20:32'),(53,'admin','查询菜单','com.cy.pj.sys.service.impl.SysDeptServiceImpl.findObjects','[]',3,'0:0:0:0:0:0:0:1','2019-08-23 15:21:42'),(54,'admin','查看菜单','com.cy.pj.sys.service.impl.SysMenuServiceImpl.findObjects','[]',5,'0:0:0:0:0:0:0:1','2019-08-23 15:21:43'),(55,'admin','查询菜单','com.cy.pj.sys.service.impl.SysDeptServiceImpl.findObjects','[]',2,'0:0:0:0:0:0:0:1','2019-08-23 15:26:40'),(56,'admin','查看菜单','com.cy.pj.sys.service.impl.SysMenuServiceImpl.findObjects','[]',4,'0:0:0:0:0:0:0:1','2019-08-23 15:26:41'),(57,'admin','查看菜单','com.cy.pj.sys.service.impl.SysMenuServiceImpl.findObjects','[]',5,'0:0:0:0:0:0:0:1','2019-08-23 15:42:36'),(58,'admin','查询菜单','com.cy.pj.sys.service.impl.SysDeptServiceImpl.findObjects','[]',3,'0:0:0:0:0:0:0:1','2019-08-23 15:42:37'),(59,'admin','查询菜单','com.cy.pj.sys.service.impl.SysDeptServiceImpl.findObjects','[]',2,'0:0:0:0:0:0:0:1','2019-08-23 15:42:50'),(60,'admin','查看菜单','com.cy.pj.sys.service.impl.SysMenuServiceImpl.findObjects','[]',2,'0:0:0:0:0:0:0:1','2019-08-23 15:42:51'),(61,'admin','查询菜单','com.cy.pj.sys.service.impl.SysDeptServiceImpl.findObjects','[]',29,'0:0:0:0:0:0:0:1','2019-08-23 15:51:14'),(62,'admin','查看菜单','com.cy.pj.sys.service.impl.SysMenuServiceImpl.findObjects','[]',9,'0:0:0:0:0:0:0:1','2019-08-23 15:51:15'),(63,'admin','查询菜单','com.cy.pj.sys.service.impl.SysDeptServiceImpl.findObjects','[]',440,'0:0:0:0:0:0:0:1','2019-08-24 04:28:01'),(64,'admin','查询菜单','com.cy.pj.sys.service.impl.SysDeptServiceImpl.findObjects','[]',6,'0:0:0:0:0:0:0:1','2019-08-24 04:31:07'),(65,'admin','查询菜单','com.cy.pj.sys.service.impl.SysDeptServiceImpl.findObjects','[]',7,'0:0:0:0:0:0:0:1','2019-08-24 04:31:12'),(66,'admin','查询菜单','com.cy.pj.sys.service.impl.SysDeptServiceImpl.findObjects','[]',5,'0:0:0:0:0:0:0:1','2019-08-24 04:31:21'),(67,'admin','查询菜单','com.cy.pj.sys.service.impl.SysDeptServiceImpl.findObjects','[]',4,'0:0:0:0:0:0:0:1','2019-08-24 04:32:49'),(68,'admin','查询菜单','com.cy.pj.sys.service.impl.SysDeptServiceImpl.findObjects','[]',4,'0:0:0:0:0:0:0:1','2019-08-24 04:39:47'),(69,'admin','查询菜单','com.cy.pj.sys.service.impl.SysDeptServiceImpl.findObjects','[]',3,'0:0:0:0:0:0:0:1','2019-08-24 04:39:52'),(70,'admin','查看菜单','com.cy.pj.sys.service.impl.SysMenuServiceImpl.findObjects','[]',109,'0:0:0:0:0:0:0:1','2019-08-24 04:39:52'),(71,'admin','查看菜单','com.cy.pj.sys.service.impl.SysMenuServiceImpl.findObjects','[]',18,'0:0:0:0:0:0:0:1','2019-08-24 04:40:18'),(72,'admin','查询菜单','com.cy.pj.sys.service.impl.SysDeptServiceImpl.findObjects','[]',5,'0:0:0:0:0:0:0:1','2019-08-24 05:15:11'),(73,'admin','查询菜单','com.cy.pj.sys.service.impl.SysDeptServiceImpl.findObjects','[]',3,'0:0:0:0:0:0:0:1','2019-08-24 05:15:47'),(74,'admin','查询菜单','com.cy.pj.sys.service.impl.SysDeptServiceImpl.findObjects','[]',3,'0:0:0:0:0:0:0:1','2019-08-24 05:16:04'),(75,'admin','查询菜单','com.cy.pj.sys.service.impl.SysDeptServiceImpl.findObjects','[]',12,'0:0:0:0:0:0:0:1','2019-08-24 05:30:04'),(76,'admin','查询菜单','com.cy.pj.sys.service.impl.SysDeptServiceImpl.findObjects','[]',18,'0:0:0:0:0:0:0:1','2019-08-24 05:30:07'),(77,'admin','查看菜单','com.cy.pj.sys.service.impl.SysMenuServiceImpl.findObjects','[]',14,'0:0:0:0:0:0:0:1','2019-08-24 05:30:29'),(78,'admin','查询菜单','com.cy.pj.sys.service.impl.SysDeptServiceImpl.findObjects','[]',4,'0:0:0:0:0:0:0:1','2019-08-24 05:31:18'),(79,'admin','查询菜单','com.cy.pj.sys.service.impl.SysDeptServiceImpl.findObjects','[]',114,'0:0:0:0:0:0:0:1','2019-08-24 07:58:41'),(80,'admin','查看菜单','com.cy.pj.sys.service.impl.SysMenuServiceImpl.findObjects','[]',74,'0:0:0:0:0:0:0:1','2019-08-24 07:58:49'),(81,'admin','查询菜单','com.cy.pj.sys.service.impl.SysDeptServiceImpl.findObjects','[]',190,'0:0:0:0:0:0:0:1','2019-08-24 08:12:02'),(82,'admin','查询菜单','com.cy.pj.sys.service.impl.SysDeptServiceImpl.findObjects','[]',4,'0:0:0:0:0:0:0:1','2019-08-24 08:12:24'),(83,'admin','查询菜单','com.cy.pj.sys.service.impl.SysDeptServiceImpl.findObjects','[]',5,'0:0:0:0:0:0:0:1','2019-08-24 08:14:04'),(84,'admin','查看菜单','com.cy.pj.sys.service.impl.SysMenuServiceImpl.findObjects','[]',50,'0:0:0:0:0:0:0:1','2019-08-24 08:14:08'),(85,'admin','查询菜单','com.cy.pj.sys.service.impl.SysDeptServiceImpl.findObjects','[]',33,'0:0:0:0:0:0:0:1','2019-08-24 08:15:47'),(86,'admin','查看菜单','com.cy.pj.sys.service.impl.SysMenuServiceImpl.findObjects','[]',157,'0:0:0:0:0:0:0:1','2019-08-24 08:16:19'),(87,'admin','查看菜单','com.cy.pj.sys.service.impl.SysMenuServiceImpl.findObjects','[]',5,'0:0:0:0:0:0:0:1','2019-08-24 08:17:23'),(88,'admin','查询菜单','com.cy.pj.sys.service.impl.SysDeptServiceImpl.findObjects','[]',4,'0:0:0:0:0:0:0:1','2019-08-24 08:19:35'),(89,'admin','查看菜单','com.cy.pj.sys.service.impl.SysMenuServiceImpl.findObjects','[]',4,'0:0:0:0:0:0:0:1','2019-08-24 08:20:49'),(90,'admin','查询菜单','com.cy.pj.sys.service.impl.SysDeptServiceImpl.findObjects','[]',3,'0:0:0:0:0:0:0:1','2019-08-24 08:20:52'),(91,'admin','查询菜单','com.cy.pj.sys.service.impl.SysDeptServiceImpl.findObjects','[]',56,'0:0:0:0:0:0:0:1','2019-08-24 08:20:53'),(92,'admin','查看菜单','com.cy.pj.sys.service.impl.SysMenuServiceImpl.findObjects','[]',165,'0:0:0:0:0:0:0:1','2019-08-24 08:20:55'),(93,'admin','查询菜单','com.cy.pj.sys.service.impl.SysDeptServiceImpl.findObjects','[]',4,'0:0:0:0:0:0:0:1','2019-08-24 08:20:55'),(94,'admin','查询菜单','com.cy.pj.sys.service.impl.SysDeptServiceImpl.findObjects','[]',3,'0:0:0:0:0:0:0:1','2019-08-24 08:22:43'),(95,'admin','查询菜单','com.cy.pj.sys.service.impl.SysDeptServiceImpl.findObjects','[]',3,'0:0:0:0:0:0:0:1','2019-08-24 08:27:04'),(96,'admin','查询菜单','com.cy.pj.sys.service.impl.SysDeptServiceImpl.findObjects','[]',3,'0:0:0:0:0:0:0:1','2019-08-24 08:27:12'),(97,'admin','查看菜单','com.cy.pj.sys.service.impl.SysMenuServiceImpl.findObjects','[]',30,'0:0:0:0:0:0:0:1','2019-08-24 08:32:32'),(98,'admin','查询菜单','com.cy.pj.sys.service.impl.SysDeptServiceImpl.findObjects','[]',3,'0:0:0:0:0:0:0:1','2019-08-24 08:32:39'),(99,'admin','查看菜单','com.cy.pj.sys.service.impl.SysMenuServiceImpl.findObjects','[]',4,'0:0:0:0:0:0:0:1','2019-08-24 08:32:40'),(100,'admin','查询菜单','com.cy.pj.sys.service.impl.SysDeptServiceImpl.findObjects','[]',2,'0:0:0:0:0:0:0:1','2019-08-24 08:34:58'),(101,'admin','查看菜单','com.cy.pj.sys.service.impl.SysMenuServiceImpl.findObjects','[]',4,'0:0:0:0:0:0:0:1','2019-08-24 08:34:58'),(102,'admin','查询菜单','com.cy.pj.sys.service.impl.SysDeptServiceImpl.findObjects','[]',2,'0:0:0:0:0:0:0:1','2019-08-24 08:35:04'),(103,'admin','查看菜单','com.cy.pj.sys.service.impl.SysMenuServiceImpl.findObjects','[]',3,'0:0:0:0:0:0:0:1','2019-08-24 08:35:05'),(104,'admin','查询菜单','com.cy.pj.sys.service.impl.SysDeptServiceImpl.findObjects','[]',306,'0:0:0:0:0:0:0:1','2019-08-24 08:42:37'),(105,'admin','查看菜单','com.cy.pj.sys.service.impl.SysMenuServiceImpl.findObjects','[]',7,'0:0:0:0:0:0:0:1','2019-08-24 08:42:37'),(106,'admin','查询菜单','com.cy.pj.sys.service.impl.SysDeptServiceImpl.findObjects','[]',26,'0:0:0:0:0:0:0:1','2019-08-24 08:42:39'),(107,'admin','查询菜单','com.cy.pj.sys.service.impl.SysDeptServiceImpl.findObjects','[]',42,'0:0:0:0:0:0:0:1','2019-08-24 19:20:44'),(108,'admin','查看菜单','com.cy.pj.sys.service.impl.SysMenuServiceImpl.findObjects','[]',84,'0:0:0:0:0:0:0:1','2019-08-24 19:20:45'),(109,'admin','查看菜单','com.cy.pj.sys.service.impl.SysMenuServiceImpl.findObjects','[]',6,'0:0:0:0:0:0:0:1','2019-08-24 19:20:57'),(110,'admin','查看菜单','com.cy.pj.sys.service.impl.SysMenuServiceImpl.findObjects','[]',187,'0:0:0:0:0:0:0:1','2019-08-24 21:38:31'),(111,'admin','查看菜单','com.cy.pj.sys.service.impl.SysMenuServiceImpl.findObjects','[]',20,'0:0:0:0:0:0:0:1','2019-08-24 21:39:47'),(112,'admin','查看菜单','com.cy.pj.sys.service.impl.SysMenuServiceImpl.findObjects','[]',13,'0:0:0:0:0:0:0:1','2019-08-24 21:54:23'),(113,'admin','查看菜单','com.cy.pj.sys.service.impl.SysMenuServiceImpl.findObjects','[]',4,'0:0:0:0:0:0:0:1','2019-08-24 21:54:46'),(114,'admin','查看菜单','com.cy.pj.sys.service.impl.SysMenuServiceImpl.findObjects','[]',20,'0:0:0:0:0:0:0:1','2019-08-24 21:54:48'),(115,'admin','查看菜单','com.cy.pj.sys.service.impl.SysMenuServiceImpl.findObjects','[]',11,'0:0:0:0:0:0:0:1','2019-08-24 21:59:02'),(116,'admin','查询菜单','com.cy.pj.sys.service.impl.SysDeptServiceImpl.findObjects','[]',25,'0:0:0:0:0:0:0:1','2019-08-24 21:59:03'),(117,'admin','查看菜单','com.cy.pj.sys.service.impl.SysMenuServiceImpl.findObjects','[]',3,'0:0:0:0:0:0:0:1','2019-08-24 21:59:06'),(118,'admin','查看菜单','com.cy.pj.sys.service.impl.SysMenuServiceImpl.findObjects','[]',50,'0:0:0:0:0:0:0:1','2019-08-24 21:59:06'),(119,'admin','查询菜单','com.cy.pj.sys.service.impl.SysDeptServiceImpl.findObjects','[]',2,'0:0:0:0:0:0:0:1','2019-08-24 21:59:07'),(120,'admin','查看菜单','com.cy.pj.sys.service.impl.SysMenuServiceImpl.findObjects','[]',64,'0:0:0:0:0:0:0:1','2019-08-24 21:59:08'),(121,'admin','查看菜单','com.cy.pj.sys.service.impl.SysMenuServiceImpl.findObjects','[]',4,'0:0:0:0:0:0:0:1','2019-08-24 21:59:10'),(122,'admin','查询菜单','com.cy.pj.sys.service.impl.SysDeptServiceImpl.findObjects','[]',28,'0:0:0:0:0:0:0:1','2019-08-24 21:59:11'),(123,'admin','查看菜单','com.cy.pj.sys.service.impl.SysMenuServiceImpl.findObjects','[]',3,'0:0:0:0:0:0:0:1','2019-08-24 21:59:14'),(124,'admin','查看菜单','com.cy.pj.sys.service.impl.SysMenuServiceImpl.findObjects','[]',10,'0:0:0:0:0:0:0:1','2019-08-24 22:01:44'),(125,'admin','查询菜单','com.cy.pj.sys.service.impl.SysDeptServiceImpl.findObjects','[]',56,'0:0:0:0:0:0:0:1','2019-08-24 23:01:05'),(126,'admin','查看菜单','com.cy.pj.sys.service.impl.SysMenuServiceImpl.findObjects','[]',46,'0:0:0:0:0:0:0:1','2019-08-24 23:01:06'),(127,'admin','查看菜单','com.cy.pj.sys.service.impl.SysMenuServiceImpl.findObjects','[]',3,'0:0:0:0:0:0:0:1','2019-08-24 23:01:26'),(128,'admin','查询菜单','com.cy.pj.sys.service.impl.SysDeptServiceImpl.findObjects','[]',9,'0:0:0:0:0:0:0:1','2019-08-24 23:38:34'),(129,'admin','查询菜单','com.cy.pj.sys.service.impl.SysDeptServiceImpl.findObjects','[]',9,'0:0:0:0:0:0:0:1','2019-08-24 23:44:41'),(130,'admin','查询菜单','com.cy.pj.sys.service.impl.SysDeptServiceImpl.findObjects','[]',58,'0:0:0:0:0:0:0:1','2019-08-24 23:51:25'),(131,'admin','查看菜单','com.cy.pj.sys.service.impl.SysMenuServiceImpl.findObjects','[]',97,'0:0:0:0:0:0:0:1','2019-08-24 23:51:26'),(132,'admin','查询菜单','com.cy.pj.sys.service.impl.SysDeptServiceImpl.findObjects','[]',3,'0:0:0:0:0:0:0:1','2019-08-24 23:51:41'),(133,'admin','查看菜单','com.cy.pj.sys.service.impl.SysMenuServiceImpl.findObjects','[]',4,'0:0:0:0:0:0:0:1','2019-08-24 23:51:42'),(134,'admin','查询菜单','com.cy.pj.sys.service.impl.SysDeptServiceImpl.findObjects','[]',4,'0:0:0:0:0:0:0:1','2019-08-24 23:51:46'),(135,'admin','查看菜单','com.cy.pj.sys.service.impl.SysMenuServiceImpl.findObjects','[]',55,'0:0:0:0:0:0:0:1','2019-08-24 23:51:46'),(136,'admin','查询菜单','com.cy.pj.sys.service.impl.SysDeptServiceImpl.findObjects','[]',75,'0:0:0:0:0:0:0:1','2019-08-25 08:31:07'),(137,'admin','查看菜单','com.cy.pj.sys.service.impl.SysMenuServiceImpl.findObjects','[]',83,'0:0:0:0:0:0:0:1','2019-08-25 08:31:08'),(138,'admin','查询菜单','com.cy.pj.sys.service.impl.SysDeptServiceImpl.findObjects','[]',15,'0:0:0:0:0:0:0:1','2019-08-25 08:32:01'),(139,'admin','查看菜单','com.cy.pj.sys.service.impl.SysMenuServiceImpl.findObjects','[]',15,'0:0:0:0:0:0:0:1','2019-08-25 08:32:02'),(140,'admin','查询菜单','com.cy.pj.sys.service.impl.SysDeptServiceImpl.findObjects','[]',3,'0:0:0:0:0:0:0:1','2019-08-25 08:32:25'),(141,'admin','查询菜单','com.cy.pj.sys.service.impl.SysDeptServiceImpl.findObjects','[]',15,'0:0:0:0:0:0:0:1','2019-08-25 10:28:20'),(142,'admin','查看菜单','com.cy.pj.sys.service.impl.SysMenuServiceImpl.findObjects','[]',69,'0:0:0:0:0:0:0:1','2019-08-25 10:28:21'),(143,'admin','查询菜单','com.cy.pj.sys.service.impl.SysDeptServiceImpl.findObjects','[]',13,'0:0:0:0:0:0:0:1','2019-08-25 10:54:51'),(144,'admin','查询菜单','com.cy.pj.sys.service.impl.SysDeptServiceImpl.findObjects','[]',13,'0:0:0:0:0:0:0:1','2019-08-25 13:40:25'),(145,'admin','查看菜单','com.cy.pj.sys.service.impl.SysMenuServiceImpl.findObjects','[]',39,'0:0:0:0:0:0:0:1','2019-08-25 13:40:26'),(146,'admin','查询菜单','com.cy.pj.sys.service.impl.SysDeptServiceImpl.findObjects','[]',4,'0:0:0:0:0:0:0:1','2019-08-25 13:40:50'),(147,'admin','查看菜单','com.cy.pj.sys.service.impl.SysMenuServiceImpl.findObjects','[]',25,'0:0:0:0:0:0:0:1','2019-08-25 13:40:50'),(148,'admin','查询菜单','com.cy.pj.sys.service.impl.SysDeptServiceImpl.findObjects','[]',108,'0:0:0:0:0:0:0:1','2019-08-25 13:40:52'),(149,'admin','查看菜单','com.cy.pj.sys.service.impl.SysMenuServiceImpl.findObjects','[]',71,'0:0:0:0:0:0:0:1','2019-08-25 13:40:54'),(150,'admin','查询菜单','com.cy.pj.sys.service.impl.SysDeptServiceImpl.findObjects','[]',2,'0:0:0:0:0:0:0:1','2019-08-25 13:40:57'),(151,'admin','查看菜单','com.cy.pj.sys.service.impl.SysMenuServiceImpl.findObjects','[]',69,'0:0:0:0:0:0:0:1','2019-08-25 13:40:58'),(152,'admin','查看菜单','com.cy.pj.sys.service.impl.SysMenuServiceImpl.findObjects','[]',32,'0:0:0:0:0:0:0:1','2019-08-25 14:12:54'),(153,'admin','查询菜单','com.cy.pj.sys.service.impl.SysDeptServiceImpl.findObjects','[]',104,'0:0:0:0:0:0:0:1','2019-08-25 14:12:54'),(154,'admin','查询菜单','com.cy.pj.sys.service.impl.SysDeptServiceImpl.findObjects','[]',5,'0:0:0:0:0:0:0:1','2019-08-25 14:18:05'),(155,'admin','查看菜单','com.cy.pj.sys.service.impl.SysMenuServiceImpl.findObjects','[]',56,'0:0:0:0:0:0:0:1','2019-08-25 14:18:06'),(156,'admin','查询菜单','com.cy.pj.sys.service.impl.SysDeptServiceImpl.findObjects','[]',566,'0:0:0:0:0:0:0:1','2019-08-25 16:31:01'),(157,'admin','查看菜单','com.cy.pj.sys.service.impl.SysMenuServiceImpl.findObjects','[]',674,'0:0:0:0:0:0:0:1','2019-08-25 16:31:02'),(158,'admin','查询菜单','com.cy.pj.sys.service.impl.SysDeptServiceImpl.findObjects','[]',103,'0:0:0:0:0:0:0:1','2019-08-25 16:31:53'),(159,'admin','查询菜单','com.cy.pj.sys.service.impl.SysDeptServiceImpl.findObjects','[]',249,'0:0:0:0:0:0:0:1','2019-08-25 17:44:00'),(160,'admin','查看菜单','com.cy.pj.sys.service.impl.SysMenuServiceImpl.findObjects','[]',1071,'0:0:0:0:0:0:0:1','2019-08-25 17:44:02'),(161,'admin','查询菜单','com.cy.pj.sys.service.impl.SysDeptServiceImpl.findObjects','[]',39,'0:0:0:0:0:0:0:1','2019-08-25 17:44:12'),(162,'admin','查询菜单','com.cy.pj.sys.service.impl.SysDeptServiceImpl.findObjects','[]',1,'0:0:0:0:0:0:0:1','2019-08-25 17:44:36'),(163,'admin','查询菜单','com.cy.pj.sys.service.impl.SysDeptServiceImpl.findObjects','[]',1,'0:0:0:0:0:0:0:1','2019-08-25 17:44:48'),(164,'admin','查询菜单','com.cy.pj.sys.service.impl.SysDeptServiceImpl.findObjects','[]',6,'0:0:0:0:0:0:0:1','2019-08-25 18:12:37'),(165,'admin','查看菜单','com.cy.pj.sys.service.impl.SysMenuServiceImpl.findObjects','[]',105,'0:0:0:0:0:0:0:1','2019-08-25 18:12:38'),(166,'admin','查看菜单','com.cy.pj.sys.service.impl.SysMenuServiceImpl.findObjects','[]',260,'0:0:0:0:0:0:0:1','2019-08-25 18:12:38'),(167,'admin','查询菜单','com.cy.pj.sys.service.impl.SysDeptServiceImpl.findObjects','[]',96,'0:0:0:0:0:0:0:1','2019-08-25 18:13:10'),(168,'admin','查看菜单','com.cy.pj.sys.service.impl.SysMenuServiceImpl.findObjects','[]',2,'0:0:0:0:0:0:0:1','2019-08-25 18:13:13'),(169,'admin','查看菜单','com.cy.pj.sys.service.impl.SysMenuServiceImpl.findObjects','[]',140,'0:0:0:0:0:0:0:1','2019-08-25 18:32:00'),(170,'admin','查询菜单','com.cy.pj.sys.service.impl.SysDeptServiceImpl.findObjects','[]',7,'0:0:0:0:0:0:0:1','2019-08-25 18:37:44'),(171,'admin','查看菜单','com.cy.pj.sys.service.impl.SysMenuServiceImpl.findObjects','[]',108,'0:0:0:0:0:0:0:1','2019-08-25 18:37:48'),(172,'admin','查看菜单','com.cy.pj.sys.service.impl.SysMenuServiceImpl.findObjects','[]',4,'0:0:0:0:0:0:0:1','2019-08-25 18:38:34'),(173,'admin','查看菜单','com.cy.pj.sys.service.impl.SysMenuServiceImpl.findObjects','[]',3,'0:0:0:0:0:0:0:1','2019-08-25 18:39:07'),(174,'admin','查询菜单','com.cy.pj.sys.service.impl.SysDeptServiceImpl.findObjects','[]',118,'0:0:0:0:0:0:0:1','2019-08-25 18:39:21'),(175,'admin','查看菜单','com.cy.pj.sys.service.impl.SysMenuServiceImpl.findObjects','[]',3,'0:0:0:0:0:0:0:1','2019-08-25 18:39:25'),(176,'admin','查询菜单','com.cy.pj.sys.service.impl.SysDeptServiceImpl.findObjects','[]',2,'0:0:0:0:0:0:0:1','2019-08-25 18:39:29'),(177,'admin','查看菜单','com.cy.pj.sys.service.impl.SysMenuServiceImpl.findObjects','[]',187,'0:0:0:0:0:0:0:1','2019-08-25 18:39:30'),(178,'admin','查看菜单','com.cy.pj.sys.service.impl.SysMenuServiceImpl.findObjects','[]',3,'0:0:0:0:0:0:0:1','2019-08-25 18:40:05'),(179,'admin','查看菜单','com.cy.pj.sys.service.impl.SysMenuServiceImpl.findObjects','[]',3,'0:0:0:0:0:0:0:1','2019-08-25 18:40:38'),(180,'admin','查看菜单','com.cy.pj.sys.service.impl.SysMenuServiceImpl.findObjects','[]',2,'0:0:0:0:0:0:0:1','2019-08-25 18:41:15'),(181,'admin','查看菜单','com.cy.pj.sys.service.impl.SysMenuServiceImpl.findObjects','[]',2,'0:0:0:0:0:0:0:1','2019-08-25 18:41:45'),(182,'admin','查看菜单','com.cy.pj.sys.service.impl.SysMenuServiceImpl.findObjects','[]',2,'0:0:0:0:0:0:0:1','2019-08-25 18:42:15'),(183,'admin','查看菜单','com.cy.pj.sys.service.impl.SysMenuServiceImpl.findObjects','[]',4,'0:0:0:0:0:0:0:1','2019-08-25 18:42:30'),(184,'admin','查看菜单','com.cy.pj.sys.service.impl.SysMenuServiceImpl.findObjects','[]',3,'0:0:0:0:0:0:0:1','2019-08-25 18:42:55'),(185,'admin','查看菜单','com.cy.pj.sys.service.impl.SysMenuServiceImpl.findObjects','[]',2,'0:0:0:0:0:0:0:1','2019-08-25 18:43:09'),(186,'admin','查看菜单','com.cy.pj.sys.service.impl.SysMenuServiceImpl.findObjects','[]',2,'0:0:0:0:0:0:0:1','2019-08-25 18:43:33'),(187,'admin','查看菜单','com.cy.pj.sys.service.impl.SysMenuServiceImpl.findObjects','[]',2,'0:0:0:0:0:0:0:1','2019-08-25 18:43:51'),(188,'admin','查看菜单','com.cy.pj.sys.service.impl.SysMenuServiceImpl.findObjects','[]',3,'0:0:0:0:0:0:0:1','2019-08-25 18:44:06'),(189,'admin','查看菜单','com.cy.pj.sys.service.impl.SysMenuServiceImpl.findObjects','[]',2,'0:0:0:0:0:0:0:1','2019-08-25 18:44:34'),(190,'admin','查看菜单','com.cy.pj.sys.service.impl.SysMenuServiceImpl.findObjects','[]',4,'0:0:0:0:0:0:0:1','2019-08-25 18:45:02'),(191,'admin','查看菜单','com.cy.pj.sys.service.impl.SysMenuServiceImpl.findObjects','[]',2,'0:0:0:0:0:0:0:1','2019-08-25 18:45:14'),(192,'admin','查看菜单','com.cy.pj.sys.service.impl.SysMenuServiceImpl.findObjects','[]',3,'0:0:0:0:0:0:0:1','2019-08-25 18:45:27'),(193,'admin','查看菜单','com.cy.pj.sys.service.impl.SysMenuServiceImpl.findObjects','[]',4,'0:0:0:0:0:0:0:1','2019-08-25 18:45:39'),(194,'admin','查看菜单','com.cy.pj.sys.service.impl.SysMenuServiceImpl.findObjects','[]',2,'0:0:0:0:0:0:0:1','2019-08-25 18:45:52'),(195,'admin','查看菜单','com.cy.pj.sys.service.impl.SysMenuServiceImpl.findObjects','[]',2,'0:0:0:0:0:0:0:1','2019-08-25 18:46:13'),(196,'admin','查询菜单','com.cy.pj.sys.service.impl.SysDeptServiceImpl.findObjects','[]',60,'0:0:0:0:0:0:0:1','2019-08-25 18:46:49'),(197,'admin','查看菜单','com.cy.pj.sys.service.impl.SysMenuServiceImpl.findObjects','[]',193,'0:0:0:0:0:0:0:1','2019-08-25 18:46:50'),(198,'admin','查看菜单','com.cy.pj.sys.service.impl.SysMenuServiceImpl.findObjects','[]',3,'0:0:0:0:0:0:0:1','2019-08-25 18:47:39'),(199,'admin','查看菜单','com.cy.pj.sys.service.impl.SysMenuServiceImpl.findObjects','[]',2,'0:0:0:0:0:0:0:1','2019-08-25 18:47:58'),(200,'admin','查看菜单','com.cy.pj.sys.service.impl.SysMenuServiceImpl.findObjects','[]',2,'0:0:0:0:0:0:0:1','2019-08-25 18:48:20'),(201,'admin','查看菜单','com.cy.pj.sys.service.impl.SysMenuServiceImpl.findObjects','[]',2,'0:0:0:0:0:0:0:1','2019-08-25 18:48:34'),(202,'admin','查看菜单','com.cy.pj.sys.service.impl.SysMenuServiceImpl.findObjects','[]',2,'0:0:0:0:0:0:0:1','2019-08-25 18:49:02'),(203,'admin','查询菜单','com.cy.pj.sys.service.impl.SysDeptServiceImpl.findObjects','[]',83,'0:0:0:0:0:0:0:1','2019-08-25 19:06:35'),(204,'admin','查看菜单','com.cy.pj.sys.service.impl.SysMenuServiceImpl.findObjects','[]',37,'0:0:0:0:0:0:0:1','2019-08-25 19:10:13'),(205,'admin','查看菜单','com.cy.pj.sys.service.impl.SysMenuServiceImpl.findObjects','[]',9,'0:0:0:0:0:0:0:1','2019-08-25 19:11:11'),(206,'admin','查看菜单','com.cy.pj.sys.service.impl.SysMenuServiceImpl.findObjects','[]',7,'0:0:0:0:0:0:0:1','2019-08-25 19:11:33'),(207,'admin','查看菜单','com.cy.pj.sys.service.impl.SysMenuServiceImpl.findObjects','[]',4,'0:0:0:0:0:0:0:1','2019-08-25 19:11:43'),(208,'admin','查看菜单','com.cy.pj.sys.service.impl.SysMenuServiceImpl.findObjects','[]',4,'0:0:0:0:0:0:0:1','2019-08-25 19:12:00'),(209,'admin','查看菜单','com.cy.pj.sys.service.impl.SysMenuServiceImpl.findObjects','[]',90,'0:0:0:0:0:0:0:1','2019-08-25 19:28:27'),(210,'admin','查看菜单','com.cy.pj.sys.service.impl.SysMenuServiceImpl.findObjects','[]',43,'0:0:0:0:0:0:0:1','2019-08-25 19:28:31'),(211,'admin','查看菜单','com.cy.pj.sys.service.impl.SysMenuServiceImpl.findObjects','[]',5,'0:0:0:0:0:0:0:1','2019-08-25 19:29:07'),(212,'admin','查看菜单','com.cy.pj.sys.service.impl.SysMenuServiceImpl.findObjects','[]',5,'0:0:0:0:0:0:0:1','2019-08-25 19:31:00'),(213,'admin','查看菜单','com.cy.pj.sys.service.impl.SysMenuServiceImpl.findObjects','[]',4,'0:0:0:0:0:0:0:1','2019-08-25 19:31:28'),(214,'admin','查询菜单','com.cy.pj.sys.service.impl.SysDeptServiceImpl.findObjects','[]',21,'0:0:0:0:0:0:0:1','2019-08-25 19:31:41'),(215,'admin','查看菜单','com.cy.pj.sys.service.impl.SysMenuServiceImpl.findObjects','[]',3,'0:0:0:0:0:0:0:1','2019-08-25 19:31:43'),(216,'admin','查看菜单','com.cy.pj.sys.service.impl.SysMenuServiceImpl.findObjects','[]',3,'0:0:0:0:0:0:0:1','2019-08-25 19:33:38'),(217,'admin','查询菜单','com.cy.pj.sys.service.impl.SysDeptServiceImpl.findObjects','[]',2,'0:0:0:0:0:0:0:1','2019-08-25 19:33:43'),(218,'admin','查看菜单','com.cy.pj.sys.service.impl.SysMenuServiceImpl.findObjects','[]',11,'0:0:0:0:0:0:0:1','2019-08-25 19:34:52'),(219,'admin','查询菜单','com.cy.pj.sys.service.impl.SysDeptServiceImpl.findObjects','[]',3,'0:0:0:0:0:0:0:1','2019-08-25 19:35:21'),(220,'admin','查看菜单','com.cy.pj.sys.service.impl.SysMenuServiceImpl.findObjects','[]',10,'0:0:0:0:0:0:0:1','2019-08-25 19:35:22'),(221,'admin','查看菜单','com.cy.pj.sys.service.impl.SysMenuServiceImpl.findObjects','[]',3,'0:0:0:0:0:0:0:1','2019-08-25 19:35:33'),(222,'admin','查看菜单','com.cy.pj.sys.service.impl.SysMenuServiceImpl.findObjects','[]',3,'0:0:0:0:0:0:0:1','2019-08-25 19:37:11'),(223,'admin','查看菜单','com.cy.pj.sys.service.impl.SysMenuServiceImpl.findObjects','[]',2,'0:0:0:0:0:0:0:1','2019-08-25 19:37:47'),(224,'admin','查看菜单','com.cy.pj.sys.service.impl.SysMenuServiceImpl.findObjects','[]',4,'0:0:0:0:0:0:0:1','2019-08-25 19:38:26'),(225,'admin','启用禁用','com.cy.pj.sys.service.impl.SysUserServiceImpl.validById','[24,1,\"admin\"]',95,'0:0:0:0:0:0:0:1','2019-08-25 19:52:01'),(226,'admin','查看菜单','com.cy.pj.sys.service.impl.SysMenuServiceImpl.findObjects','[]',20,'0:0:0:0:0:0:0:1','2019-08-25 19:54:29'),(227,'qiujunlin','启用禁用','com.cy.pj.sys.service.impl.SysUserServiceImpl.validById','[17,0,\"admin\"]',91,'0:0:0:0:0:0:0:1','2019-08-25 20:09:30'),(228,'qiujunlin','查询菜单','com.cy.pj.sys.service.impl.SysDeptServiceImpl.findObjects','[]',92,'0:0:0:0:0:0:0:1','2019-08-25 20:11:05'),(229,'qiujunlin','启用禁用','com.cy.pj.sys.service.impl.SysUserServiceImpl.validById','[17,1,\"admin\"]',67,'0:0:0:0:0:0:0:1','2019-08-25 20:11:22'),(230,'qiujunlin','启用禁用','com.cy.pj.sys.service.impl.SysUserServiceImpl.validById','[17,0,\"qiujunlin\"]',70,'0:0:0:0:0:0:0:1','2019-08-25 20:27:49'),(231,'qiujunlin','查询菜单','com.cy.pj.sys.service.impl.SysDeptServiceImpl.findObjects','[]',22,'0:0:0:0:0:0:0:1','2019-08-25 20:46:58'),(232,'qiujunlin','查询菜单','com.cy.pj.sys.service.impl.SysDeptServiceImpl.findObjects','[]',4,'0:0:0:0:0:0:0:1','2019-08-25 20:49:28'),(233,'qiujunlin','查看菜单','com.cy.pj.sys.service.impl.SysMenuServiceImpl.findObjects','[]',29,'0:0:0:0:0:0:0:1','2019-08-25 20:49:30'),(234,'qiujunlin','查询菜单','com.cy.pj.sys.service.impl.SysDeptServiceImpl.findObjects','[]',15,'0:0:0:0:0:0:0:1','2019-08-25 20:49:37'),(235,'qiujunlin','查询菜单','com.cy.pj.sys.service.impl.SysDeptServiceImpl.findObjects','[]',3,'0:0:0:0:0:0:0:1','2019-08-25 20:49:44'),(236,'qiujunlin','查看菜单','com.cy.pj.sys.service.impl.SysMenuServiceImpl.findObjects','[]',3,'0:0:0:0:0:0:0:1','2019-08-25 20:49:45'),(237,'qiujunlin','查看菜单','com.cy.pj.sys.service.impl.SysMenuServiceImpl.findObjects','[]',4,'0:0:0:0:0:0:0:1','2019-08-25 20:50:15'),(238,'qiujunlin','查看菜单','com.cy.pj.sys.service.impl.SysMenuServiceImpl.findObjects','[]',4,'0:0:0:0:0:0:0:1','2019-08-25 20:50:42'),(239,'qiujunlin','查看菜单','com.cy.pj.sys.service.impl.SysMenuServiceImpl.findObjects','[]',4,'0:0:0:0:0:0:0:1','2019-08-25 20:51:20'),(240,'qiujunlin','查看菜单','com.cy.pj.sys.service.impl.SysMenuServiceImpl.findObjects','[]',4,'0:0:0:0:0:0:0:1','2019-08-25 20:51:29'),(241,'qiujunlin','查看菜单','com.cy.pj.sys.service.impl.SysMenuServiceImpl.findObjects','[]',4,'0:0:0:0:0:0:0:1','2019-08-25 20:52:08'),(242,'qiujunlin','查看菜单','com.cy.pj.sys.service.impl.SysMenuServiceImpl.findObjects','[]',4,'0:0:0:0:0:0:0:1','2019-08-25 20:52:14'),(243,'qiujunlin','查看菜单','com.cy.pj.sys.service.impl.SysMenuServiceImpl.findObjects','[]',4,'0:0:0:0:0:0:0:1','2019-08-25 20:52:18'),(244,'qiujunlin','查询菜单','com.cy.pj.sys.service.impl.SysDeptServiceImpl.findObjects','[]',52,'0:0:0:0:0:0:0:1','2019-08-25 20:52:18'),(245,'qiujunlin','查询菜单','com.cy.pj.sys.service.impl.SysDeptServiceImpl.findObjects','[]',3,'0:0:0:0:0:0:0:1','2019-08-25 20:52:41'),(246,'qiujunlin','查看菜单','com.cy.pj.sys.service.impl.SysMenuServiceImpl.findObjects','[]',3,'0:0:0:0:0:0:0:1','2019-08-25 20:52:42'),(247,'qiujunlin','查询菜单','com.cy.pj.sys.service.impl.SysDeptServiceImpl.findObjects','[]',9,'0:0:0:0:0:0:0:1','2019-08-25 20:57:50'),(248,'qiujunlin','查看菜单','com.cy.pj.sys.service.impl.SysMenuServiceImpl.findObjects','[]',3,'0:0:0:0:0:0:0:1','2019-08-25 20:58:04'),(249,'qiujunlin','查询菜单','com.cy.pj.sys.service.impl.SysDeptServiceImpl.findObjects','[]',41,'0:0:0:0:0:0:0:1','2019-08-25 20:59:45'),(250,'qiujunlin','查看菜单','com.cy.pj.sys.service.impl.SysMenuServiceImpl.findObjects','[]',36,'0:0:0:0:0:0:0:1','2019-08-25 20:59:46'),(251,'qiujunlin','查看菜单','com.cy.pj.sys.service.impl.SysMenuServiceImpl.findObjects','[]',16,'0:0:0:0:0:0:0:1','2019-08-25 20:59:50'),(252,'qiujunlin','查询菜单','com.cy.pj.sys.service.impl.SysDeptServiceImpl.findObjects','[]',3,'0:0:0:0:0:0:0:1','2019-08-25 21:00:04'),(253,'qiujunlin','查询菜单','com.cy.pj.sys.service.impl.SysDeptServiceImpl.findObjects','[]',2,'0:0:0:0:0:0:0:1','2019-08-25 21:00:30'),(254,'qiujunlin','查询菜单','com.cy.pj.sys.service.impl.SysDeptServiceImpl.findObjects','[]',30,'0:0:0:0:0:0:0:1','2019-08-25 21:00:32'),(255,'qiujunlin','查询菜单','com.cy.pj.sys.service.impl.SysDeptServiceImpl.findObjects','[]',2,'0:0:0:0:0:0:0:1','2019-08-25 21:00:35'),(256,'qiujunlin','查询菜单','com.cy.pj.sys.service.impl.SysDeptServiceImpl.findObjects','[]',1,'0:0:0:0:0:0:0:1','2019-08-25 21:00:37'),(257,'qiujunlin','查询菜单','com.cy.pj.sys.service.impl.SysDeptServiceImpl.findObjects','[]',1,'0:0:0:0:0:0:0:1','2019-08-25 21:00:53'),(258,'qiujunlin','查询菜单','com.cy.pj.sys.service.impl.SysDeptServiceImpl.findObjects','[]',2,'0:0:0:0:0:0:0:1','2019-08-25 21:01:03'),(259,'qiujunlin','查询菜单','com.cy.pj.sys.service.impl.SysDeptServiceImpl.findObjects','[]',2,'0:0:0:0:0:0:0:1','2019-08-25 21:01:18'),(260,'qiujunlin','查询菜单','com.cy.pj.sys.service.impl.SysDeptServiceImpl.findObjects','[]',2,'0:0:0:0:0:0:0:1','2019-08-25 21:01:41'),(261,'qiujunlin','查询菜单','com.cy.pj.sys.service.impl.SysDeptServiceImpl.findObjects','[]',1,'0:0:0:0:0:0:0:1','2019-08-25 21:01:55'),(262,'qiujunlin','查询菜单','com.cy.pj.sys.service.impl.SysDeptServiceImpl.findObjects','[]',2,'0:0:0:0:0:0:0:1','2019-08-25 21:02:11'),(263,'qiujunlin','查询菜单','com.cy.pj.sys.service.impl.SysDeptServiceImpl.findObjects','[]',3,'0:0:0:0:0:0:0:1','2019-08-25 21:02:20'),(264,'qiujunlin','查询菜单','com.cy.pj.sys.service.impl.SysDeptServiceImpl.findObjects','[]',1,'0:0:0:0:0:0:0:1','2019-08-25 21:02:45'),(265,'qiujunlin','查询菜单','com.cy.pj.sys.service.impl.SysDeptServiceImpl.findObjects','[]',1,'0:0:0:0:0:0:0:1','2019-08-25 21:03:01'),(266,'qiujunlin','查询菜单','com.cy.pj.sys.service.impl.SysDeptServiceImpl.findObjects','[]',3,'0:0:0:0:0:0:0:1','2019-08-25 21:03:09'),(267,'qiujunlin','查询菜单','com.cy.pj.sys.service.impl.SysDeptServiceImpl.findObjects','[]',3,'0:0:0:0:0:0:0:1','2019-08-25 21:03:22'),(268,'qiujunlin','查询菜单','com.cy.pj.sys.service.impl.SysDeptServiceImpl.findObjects','[]',2,'0:0:0:0:0:0:0:1','2019-08-25 21:03:58'),(269,'qiujunlin','查询菜单','com.cy.pj.sys.service.impl.SysDeptServiceImpl.findObjects','[]',2,'0:0:0:0:0:0:0:1','2019-08-25 21:04:07'),(270,'qiujunlin','查询菜单','com.cy.pj.sys.service.impl.SysDeptServiceImpl.findObjects','[]',1,'0:0:0:0:0:0:0:1','2019-08-25 21:04:17'),(271,'qiujunlin','查询菜单','com.cy.pj.sys.service.impl.SysDeptServiceImpl.findObjects','[]',2,'0:0:0:0:0:0:0:1','2019-08-25 21:04:32'),(272,'qiujunlin','查询菜单','com.cy.pj.sys.service.impl.SysDeptServiceImpl.findObjects','[]',1,'0:0:0:0:0:0:0:1','2019-08-25 21:04:47'),(273,'qiujunlin','查询菜单','com.cy.pj.sys.service.impl.SysDeptServiceImpl.findObjects','[]',1,'0:0:0:0:0:0:0:1','2019-08-25 21:04:58'),(274,'qiujunlin','查询菜单','com.cy.pj.sys.service.impl.SysDeptServiceImpl.findObjects','[]',2,'0:0:0:0:0:0:0:1','2019-08-25 21:05:16'),(275,'qiujunlin','查询菜单','com.cy.pj.sys.service.impl.SysDeptServiceImpl.findObjects','[]',2,'0:0:0:0:0:0:0:1','2019-08-25 21:05:34'),(276,'qiujunlin','查询菜单','com.cy.pj.sys.service.impl.SysDeptServiceImpl.findObjects','[]',2,'0:0:0:0:0:0:0:1','2019-08-25 21:05:46'),(277,'qiujunlin','查询菜单','com.cy.pj.sys.service.impl.SysDeptServiceImpl.findObjects','[]',2,'0:0:0:0:0:0:0:1','2019-08-25 21:05:58'),(278,'qiujunlin','查询菜单','com.cy.pj.sys.service.impl.SysDeptServiceImpl.findObjects','[]',2,'0:0:0:0:0:0:0:1','2019-08-25 21:06:05'),(279,'qiujunlin','查询菜单','com.cy.pj.sys.service.impl.SysDeptServiceImpl.findObjects','[]',3,'0:0:0:0:0:0:0:1','2019-08-25 21:06:20'),(280,'qiujunlin','查询菜单','com.cy.pj.sys.service.impl.SysDeptServiceImpl.findObjects','[]',3,'0:0:0:0:0:0:0:1','2019-08-25 21:06:53'),(281,'qiujunlin','查看菜单','com.cy.pj.sys.service.impl.SysMenuServiceImpl.findObjects','[]',2,'0:0:0:0:0:0:0:1','2019-08-25 21:07:17'),(282,'qiujunlin','查询菜单','com.cy.pj.sys.service.impl.SysDeptServiceImpl.findObjects','[]',2,'0:0:0:0:0:0:0:1','2019-08-25 21:07:20'),(283,'qiujunlin','查看菜单','com.cy.pj.sys.service.impl.SysMenuServiceImpl.findObjects','[]',26,'0:0:0:0:0:0:0:1','2019-08-25 21:07:22'),(284,'qiujunlin','查看菜单','com.cy.pj.sys.service.impl.SysMenuServiceImpl.findObjects','[]',3,'0:0:0:0:0:0:0:1','2019-08-25 21:08:05'),(285,'qiujunlin','查询菜单','com.cy.pj.sys.service.impl.SysDeptServiceImpl.findObjects','[]',16,'0:0:0:0:0:0:0:1','2019-08-25 21:08:11'),(286,'qiujunlin','查看菜单','com.cy.pj.sys.service.impl.SysMenuServiceImpl.findObjects','[]',3,'0:0:0:0:0:0:0:1','2019-08-25 21:08:15'),(287,'qiujunlin','查看菜单','com.cy.pj.sys.service.impl.SysMenuServiceImpl.findObjects','[]',8,'0:0:0:0:0:0:0:1','2019-08-25 21:11:18'),(288,'qiujunlin','查看菜单','com.cy.pj.sys.service.impl.SysMenuServiceImpl.findObjects','[]',4,'0:0:0:0:0:0:0:1','2019-08-25 21:11:42'),(289,'qiujunlin','查看菜单','com.cy.pj.sys.service.impl.SysMenuServiceImpl.findObjects','[]',9,'0:0:0:0:0:0:0:1','2019-08-25 21:20:57'),(290,'admin','查询菜单','com.cy.pj.sys.service.impl.SysDeptServiceImpl.findObjects','[]',7,'0:0:0:0:0:0:0:1','2019-08-25 21:21:30'),(291,'admin','查询系统日志','com.cy.pj.sys.service.impl.SysLogsServiceImpl.findPageObjects','[null,1]',19,'0:0:0:0:0:0:0:1','2019-08-25 21:31:14'),(292,'admin','查看登录日志','com.cy.pj.sys.service.impl.SysLogsServiceImpl.findLoginPageObjects','[null,1]',28,'0:0:0:0:0:0:0:1','2019-08-25 21:31:14'),(293,'admin','查询部门菜单','com.cy.pj.sys.service.impl.SysDeptServiceImpl.findObjects','[]',58,'0:0:0:0:0:0:0:1','2019-08-25 21:31:16'),(294,'admin','查看菜单','com.cy.pj.sys.service.impl.SysMenuServiceImpl.findObjects','[]',83,'0:0:0:0:0:0:0:1','2019-08-25 21:31:17'),(295,'admin','查询用户','com.cy.pj.sys.service.impl.SysUserServiceImpl.findPageObjects','[null,1]',11,'0:0:0:0:0:0:0:1','2019-08-25 21:31:18'),(296,'admin','查询用户','com.cy.pj.sys.service.impl.SysUserServiceImpl.findPageObjects','[null,1]',50,'0:0:0:0:0:0:0:1','2019-08-25 21:31:20'),(297,'admin','查看菜单','com.cy.pj.sys.service.impl.SysMenuServiceImpl.findObjects','[]',21,'0:0:0:0:0:0:0:1','2019-08-25 21:31:21'),(298,'admin','查询部门菜单','com.cy.pj.sys.service.impl.SysDeptServiceImpl.findObjects','[]',3,'0:0:0:0:0:0:0:1','2019-08-25 21:31:21'),(299,'admin','查看菜单','com.cy.pj.sys.service.impl.SysMenuServiceImpl.findObjects','[]',51,'0:0:0:0:0:0:0:1','2019-08-25 21:31:26'),(300,'admin','查询系统日志','com.cy.pj.sys.service.impl.SysLogsServiceImpl.findPageObjects','[null,1]',35,'0:0:0:0:0:0:0:1','2019-08-25 21:31:30'),(301,'admin','查看登录日志','com.cy.pj.sys.service.impl.SysLogsServiceImpl.findLoginPageObjects','[null,1]',10,'0:0:0:0:0:0:0:1','2019-08-25 21:31:30'),(302,'admin','查询系统日志','com.cy.pj.sys.service.impl.SysLogsServiceImpl.findPageObjects','[null,1]',18,'0:0:0:0:0:0:0:1','2019-08-25 21:31:34'),(303,'admin','查询部门菜单','com.cy.pj.sys.service.impl.SysDeptServiceImpl.findObjects','[]',2,'0:0:0:0:0:0:0:1','2019-08-25 21:32:38'),(304,'admin','查询部门菜单','com.cy.pj.sys.service.impl.SysDeptServiceImpl.findObjects','[]',7,'0:0:0:0:0:0:0:1','2019-08-25 22:01:21'),(305,'admin','查看菜单','com.cy.pj.sys.service.impl.SysMenuServiceImpl.findObjects','[]',54,'0:0:0:0:0:0:0:1','2019-08-25 22:01:22'),(306,'admin','查看菜单','com.cy.pj.sys.service.impl.SysMenuServiceImpl.findObjects','[]',89,'0:0:0:0:0:0:0:1','2019-08-25 22:01:23'),(307,'admin','查询部门菜单','com.cy.pj.sys.service.impl.SysDeptServiceImpl.findObjects','[]',81,'0:0:0:0:0:0:0:1','2019-08-25 22:01:25'),(308,'admin','查询部门菜单','com.cy.pj.sys.service.impl.SysDeptServiceImpl.findObjects','[]',2,'0:0:0:0:0:0:0:1','2019-08-25 22:01:33'),(309,'admin','查看菜单','com.cy.pj.sys.service.impl.SysMenuServiceImpl.findObjects','[]',4,'0:0:0:0:0:0:0:1','2019-08-25 22:01:41'),(310,'admin','查看菜单','com.cy.pj.sys.service.impl.SysMenuServiceImpl.findObjects','[]',3,'0:0:0:0:0:0:0:1','2019-08-25 22:01:54'),(311,'admin','查询部门菜单','com.cy.pj.sys.service.impl.SysDeptServiceImpl.findObjects','[]',3,'0:0:0:0:0:0:0:1','2019-08-25 22:47:41'),(312,'admin','查看菜单','com.cy.pj.sys.service.impl.SysMenuServiceImpl.findObjects','[]',5,'0:0:0:0:0:0:0:1','2019-08-25 22:47:51'),(313,'admin','查询用户','com.cy.pj.sys.service.impl.SysUserServiceImpl.findPageObjects','[null,1]',47,'0:0:0:0:0:0:0:1','2019-08-25 22:47:54'),(314,'admin','查询部门菜单','com.cy.pj.sys.service.impl.SysDeptServiceImpl.findObjects','[]',47,'0:0:0:0:0:0:0:1','2019-08-25 22:47:56'),(315,'admin','查询系统日志','com.cy.pj.sys.service.impl.SysLogsServiceImpl.findPageObjects','[null,1]',32,'0:0:0:0:0:0:0:1','2019-08-25 22:47:58');

/*Table structure for table `sys_menus` */

DROP TABLE IF EXISTS `sys_menus`;

CREATE TABLE `sys_menus` (
  `id` int(11) NOT NULL AUTO_INCREMENT,
  `name` varchar(50) DEFAULT NULL COMMENT '资源名称',
  `url` varchar(200) DEFAULT NULL COMMENT '资源URL',
  `type` int(11) DEFAULT NULL COMMENT '类型     1：菜单   2：按钮',
  `sort` int(11) DEFAULT NULL COMMENT '排序',
  `note` varchar(100) DEFAULT NULL COMMENT '备注',
  `parentId` int(11) DEFAULT NULL COMMENT '父菜单ID，一级菜单为0',
  `permission` varchar(500) DEFAULT NULL COMMENT '授权(如：user:create)',
  `createdTime` datetime DEFAULT NULL COMMENT '创建时间',
  `modifiedTime` datetime DEFAULT NULL COMMENT '修改时间',
  `createdUser` varchar(20) DEFAULT NULL COMMENT '创建用户',
  `modifiedUser` varchar(20) DEFAULT NULL COMMENT '修改用户',
  PRIMARY KEY (`id`)
) ENGINE=InnoDB AUTO_INCREMENT=151 DEFAULT CHARSET=utf8 COMMENT='资源管理';

/*Data for the table `sys_menus` */

insert  into `sys_menus`(`id`,`name`,`url`,`type`,`sort`,`note`,`parentId`,`permission`,`createdTime`,`modifiedTime`,`createdUser`,`modifiedUser`) values (8,'系统管理','请求路径',1,8,NULL,NULL,'sys:list','2017-07-12 15:15:59','2017-07-21 11:16:00','admin','admin'),(45,'用户管理','user/listUI.do',1,45,NULL,8,'sys:user:view','2017-07-12 15:15:59','2017-07-21 17:36:01','admin','admin'),(46,'菜单管理','menu/listUI.do',1,46,NULL,8,'sys:menu:view','2017-07-12 15:15:59','2017-07-21 17:36:16','admin','admin'),(47,'角色管理','role/listUI.do',1,47,NULL,8,'sys:role:view','2017-07-12 15:15:59','2017-07-21 17:38:03','admin','admin'),(115,'查看','',2,1,NULL,46,'sys:menu:view','2017-07-13 16:33:41','2017-07-21 11:09:05',NULL,NULL),(116,'新增','',2,2,NULL,46,'sys:menu:add','2017-07-13 16:34:02','2017-07-21 11:09:22',NULL,NULL),(117,'修改','',2,3,NULL,46,'sys:menu:update','2017-07-13 16:34:25','2017-07-21 11:09:45',NULL,NULL),(118,'删除','',2,4,NULL,46,'sys:menu:delete','2017-07-13 16:34:46','2017-07-21 11:10:12',NULL,NULL),(119,'查看','',2,1,NULL,45,'sys:user:view','2017-07-13 16:35:05','2017-07-21 11:12:46',NULL,NULL),(120,'查看','',2,1,NULL,47,'sys:role:view','2017-07-13 16:35:26','2017-07-21 11:13:43',NULL,NULL),(126,'新增','',2,2,NULL,45,'sys:user:add','2017-07-21 11:11:34','2017-07-21 11:11:34',NULL,NULL),(127,'修改','',2,3,NULL,45,'sys:user:update','2017-07-21 11:11:56','2017-07-21 11:11:56',NULL,NULL),(128,'新增','',2,2,NULL,47,'sys:role:add','2017-07-21 11:14:24','2017-07-21 11:14:24',NULL,NULL),(129,'修改','',2,3,NULL,47,'sys:role:update','2017-07-21 11:14:48','2017-07-21 11:14:48',NULL,NULL),(130,'删除','',2,4,NULL,47,'sys:role:delete','2017-07-21 11:15:09','2017-07-21 11:15:09',NULL,NULL),(131,'仪表盘','',1,NULL,NULL,NULL,'user:view',NULL,'2019-08-25 18:46:12',NULL,NULL),(133,'修改密码','',1,NULL,NULL,8,'sys:user:view',NULL,'2019-08-25 18:48:32',NULL,NULL),(134,'任务调度','',1,NULL,NULL,NULL,'sys:user:view','2019-08-25 18:41:44','2019-08-25 18:41:44',NULL,NULL),(135,'系统监控','',1,NULL,NULL,NULL,'sys:user:view','2019-08-25 18:42:28','2019-08-25 18:42:28',NULL,NULL),(136,'操作日志','',1,NULL,NULL,135,'sys:user:view',NULL,'2019-08-25 18:43:07',NULL,NULL),(137,'登录日志','',1,NULL,NULL,135,'sys:user:view','2019-08-25 18:43:31','2019-08-25 18:43:31',NULL,NULL),(138,'地图','',1,NULL,NULL,135,'sys:user:view',NULL,'2019-08-25 18:45:36',NULL,NULL),(139,'数据监控','',1,NULL,NULL,135,'sys:user:view',NULL,'2019-08-25 18:45:12',NULL,NULL),(140,'定时任务','',1,NULL,NULL,134,'job:user:view','2019-08-25 18:44:32','2019-08-25 18:44:32',NULL,NULL),(141,'调度日志','',1,NULL,NULL,134,'sys:user:view',NULL,'2019-08-25 18:45:25',NULL,NULL),(142,'github地址','',1,NULL,NULL,NULL,'sys:user:view',NULL,'2019-08-25 19:37:10',NULL,NULL),(143,'保存','',2,NULL,NULL,133,'sys:password:update',NULL,'2019-08-25 21:11:41',NULL,NULL),(144,'启用禁用','',2,4,NULL,45,'sys:user:valid',NULL,'2019-08-25 19:11:59',NULL,NULL),(145,'部门管理','',1,NULL,NULL,8,'sys:user:view','2019-08-25 19:29:06','2019-08-25 19:29:06',NULL,NULL),(146,'添加','',2,NULL,NULL,145,'sys:dept:add','2019-08-25 20:50:13','2019-08-25 20:50:13',NULL,NULL),(147,'删除','',2,NULL,NULL,145,'sys:dept:delete',NULL,'2019-08-25 20:51:27',NULL,NULL),(148,'修改','',2,NULL,NULL,145,'sys:dept:update','2019-08-25 20:51:18','2019-08-25 20:51:18',NULL,NULL),(149,'删除','',2,NULL,NULL,136,'sys:log:delete','2019-08-25 20:52:06','2019-08-25 20:52:06',NULL,NULL),(150,'查看','',1,NULL,NULL,145,'sys:dept:view','2019-08-25 21:08:04','2019-08-25 21:08:04',NULL,NULL);

/*Table structure for table `sys_role_menus` */

DROP TABLE IF EXISTS `sys_role_menus`;

CREATE TABLE `sys_role_menus` (
  `id` int(11) NOT NULL AUTO_INCREMENT,
  `role_id` int(11) DEFAULT NULL COMMENT '角色ID',
  `menu_id` int(11) DEFAULT NULL COMMENT 'ID',
  PRIMARY KEY (`id`)
) ENGINE=InnoDB AUTO_INCREMENT=1470 DEFAULT CHARSET=utf8 COMMENT='角色与菜单对应关系';

/*Data for the table `sys_role_menus` */

insert  into `sys_role_menus`(`id`,`role_id`,`menu_id`) values (1397,49,8),(1398,49,45),(1399,49,119),(1400,49,126),(1401,49,127),(1402,49,144),(1403,49,46),(1404,49,115),(1405,49,116),(1406,49,117),(1407,49,118),(1408,49,47),(1409,49,120),(1410,49,128),(1411,49,129),(1412,49,130),(1413,49,133),(1414,49,143),(1415,49,145),(1416,49,146),(1417,49,147),(1418,49,148),(1419,49,150),(1420,49,131),(1421,49,134),(1422,49,140),(1423,49,141),(1424,49,135),(1425,49,136),(1426,49,137),(1427,49,138),(1428,49,139),(1429,49,142),(1450,48,8),(1451,48,45),(1452,48,119),(1453,48,126),(1454,48,46),(1455,48,115),(1456,48,47),(1457,48,120),(1458,48,128),(1459,48,145),(1460,48,150),(1461,48,134),(1462,48,140),(1463,48,141),(1464,48,135),(1465,48,136),(1466,48,137),(1467,48,138),(1468,48,139),(1469,48,142);

/*Table structure for table `sys_roles` */

DROP TABLE IF EXISTS `sys_roles`;

CREATE TABLE `sys_roles` (
  `id` bigint(20) NOT NULL AUTO_INCREMENT,
  `name` varchar(100) DEFAULT NULL COMMENT '角色名称',
  `note` varchar(500) DEFAULT NULL COMMENT '备注',
  `createdTime` datetime DEFAULT NULL COMMENT '创建时间',
  `modifiedTime` datetime DEFAULT NULL COMMENT '修改时间',
  `createdUser` varchar(20) DEFAULT NULL COMMENT '创建用户',
  `modifiedUser` varchar(20) DEFAULT NULL COMMENT '修改用户',
  PRIMARY KEY (`id`)
) ENGINE=InnoDB AUTO_INCREMENT=50 DEFAULT CHARSET=utf8 COMMENT='角色';

/*Data for the table `sys_roles` */

insert  into `sys_roles`(`id`,`name`,`note`,`createdTime`,`modifiedTime`,`createdUser`,`modifiedUser`) values (48,'普通用户','不能增删改','2019-07-12 23:48:00','2019-08-25 21:21:07',NULL,NULL),(49,'超级管理员','可以做任何事情','2019-08-25 19:07:03','2019-08-25 21:08:39',NULL,NULL);

/*Table structure for table `sys_user_roles` */

DROP TABLE IF EXISTS `sys_user_roles`;

CREATE TABLE `sys_user_roles` (
  `id` int(11) NOT NULL AUTO_INCREMENT,
  `user_id` int(11) DEFAULT NULL COMMENT '用户ID',
  `role_id` int(11) DEFAULT NULL COMMENT '角色ID',
  PRIMARY KEY (`id`)
) ENGINE=InnoDB AUTO_INCREMENT=73 DEFAULT CHARSET=utf8 COMMENT='用户与角色对应关系';

/*Data for the table `sys_user_roles` */

insert  into `sys_user_roles`(`id`,`user_id`,`role_id`) values (69,21,48),(71,25,49),(72,1,48);

/*Table structure for table `sys_users` */

DROP TABLE IF EXISTS `sys_users`;

CREATE TABLE `sys_users` (
  `id` int(11) NOT NULL AUTO_INCREMENT,
  `username` varchar(50) NOT NULL COMMENT '用户名',
  `password` varchar(100) DEFAULT NULL COMMENT '密码',
  `salt` varchar(50) DEFAULT NULL COMMENT '盐  密码加密时前缀，使加密后的值不同',
  `email` varchar(100) DEFAULT NULL COMMENT '邮箱',
  `mobile` varchar(100) DEFAULT NULL COMMENT '手机号',
  `valid` tinyint(4) DEFAULT NULL COMMENT '状态  0：禁用   1：正常  默认值 ：1',
  `deptId` int(11) DEFAULT NULL,
  `createdTime` datetime DEFAULT NULL COMMENT '创建时间',
  `modifiedTime` datetime DEFAULT NULL COMMENT '修改时间',
  `createdUser` varchar(20) DEFAULT NULL COMMENT '创建用户',
  `modifiedUser` varchar(20) DEFAULT NULL COMMENT '修改用户',
  PRIMARY KEY (`id`),
  UNIQUE KEY `username` (`username`)
) ENGINE=InnoDB AUTO_INCREMENT=26 DEFAULT CHARSET=utf8 COMMENT='系统用户';

/*Data for the table `sys_users` */

insert  into `sys_users`(`id`,`username`,`password`,`salt`,`email`,`mobile`,`valid`,`deptId`,`createdTime`,`modifiedTime`,`createdUser`,`modifiedUser`) values (1,'admin','4ebd394fbd25e495e0753a7dc9889a8e','7adb778c-e7d3-4dd3-a3c5-5f80a158006d','admin@t.cn','13624356789',1,3,NULL,'2019-08-25 20:05:07',NULL,'admin'),(17,'qiu','123',NULL,'132','31',0,2,'2019-07-12 22:08:40','2019-08-25 20:27:49',NULL,'qiujunlin'),(25,'qiujunlin','e0b53308f8f8a60615b3618a763f1337','d9e2b4bf-7118-4609-820d-363d792df3e1','1757591067@qq.com','1997427qiu',1,NULL,'2019-08-25 19:53:32','2019-08-25 19:53:32',NULL,NULL);

/*Table structure for table `sys_visits` */

DROP TABLE IF EXISTS `sys_visits`;

CREATE TABLE `sys_visits` (
  `id` bigint(20) NOT NULL AUTO_INCREMENT,
  `ip_counts` bigint(20) DEFAULT NULL,
  `pv_counts` bigint(20) DEFAULT NULL,
  `visit_count` varchar(255) DEFAULT NULL,
  PRIMARY KEY (`id`)
) ENGINE=InnoDB AUTO_INCREMENT=55 DEFAULT CHARSET=utf8;

/*Data for the table `sys_visits` */

insert  into `sys_visits`(`id`,`ip_counts`,`pv_counts`,`visit_count`) values (1,NULL,6,NULL);

/*!40101 SET SQL_MODE=@OLD_SQL_MODE */;
/*!40014 SET FOREIGN_KEY_CHECKS=@OLD_FOREIGN_KEY_CHECKS */;
/*!40014 SET UNIQUE_CHECKS=@OLD_UNIQUE_CHECKS */;
/*!40111 SET SQL_NOTES=@OLD_SQL_NOTES */;
